{
"meta":{"test_sets":[],"test_metrics":[],"learn_metrics":[{"best_value":"Min","name":"Logloss"}],"launch_mode":"Train","parameters":"","iteration_count":100,"learn_sets":["learn"],"name":"experiment"},
"iterations":[
{"learn":[0.3960752625],"iteration":0,"passed_time":2.293903189,"remaining_time":227.096415,
,
{"learn":[0.2837111389],"iteration":1,"passed_time":4.236590742,"remaining_time":207.592946,,,
{"learn":[0.230825059],"iteration":2,"passed_time":6.168725648,"remaining_time":199.45546,
{,
{"learn":[0.2024716064],"iteration":3,"passed_time":8.131819157,"remaining_time":195.16365,
{,
{"learn":[0.1860415558],"iteration":4,"passed_time":10.01778581,"remaining_time":190.3379,
{",
{"learn":[0.1769827861],"iteration":5,"passed_time":11.9316294,"remaining_time":186.92886,
{,
{"learn":[0.1714241811],"iteration":6,"passed_time":13.7006958,"remaining_time":182.023529,
,
{"learn":[0.167520106],"iteration":7,"passed_time":15.52964982,"remaining_time":178.5909729,,
{"learn":[0.1644127899],"iteration":8,"passed_time":17.38628124,"remaining_time":175.7946214,,
{"learn":[0.1627669932],"iteration":9,"passed_time":19.29265174,"remaining_time":173.6338656,,
{"learn":[0.1608812968],"iteration":10,"passed_time":21.13078985,"remaining_time":170.96729,
{,
{"learn":[0.1590711843],"iteration":11,"passed_time":22.98848384,"remaining_time":168.58221,
{,
{"learn":[0.1576237986],"iteration":12,"passed_time":24.87326906,"remaining_time":166.45956,
{,
{"learn":[0.1562833374],"iteration":13,"passed_time":26.78906192,"remaining_time":164.56138,
{,
{"learn":[0.1548746877],"iteration":14,"passed_time":28.67320736,"remaining_time":162.48150,
{,
{"learn":[0.1533248393],"iteration":15,"passed_time":30.56216998,"remaining_time":160.45139,
{,
{"learn":[0.1519350006],"iteration":16,"passed_time":32.40629882,"remaining_time":158.21898,
{,
{"learn":[0.151016275],"iteration":17,"passed_time":34.27051901,"remaining_time":156.121253,
,
{"learn":[0.1501654226],"iteration":18,"passed_time":36.09504201,"remaining_time":153.878863,
,
{"learn":[0.1493949778],"iteration":19,"passed_time":38.02948867,"remaining_time":152.117954,
,
{"learn":[0.1480655782],"iteration":20,"passed_time":40.06327286,"remaining_time":150.714216,
,
{"learn":[0.1471072744],"iteration":21,"passed_time":41.95888104,"remaining_time":148.763305,
,
{"learn":[0.1462127858],"iteration":22,"passed_time":43.78667369,"remaining_time":146.590168,
,
{"learn":[0.1453400014],"iteration":23,"passed_time":45.73036301,"remaining_time":144.812816,
,
{"learn":[0.1446446279],"iteration":24,"passed_time":47.60144651,"remaining_time":142.8043395},
{"learn":[0.1435227631],"iteration":25,"passed_time":49.52147375,"remaining_time":140.94573,
,
{"learn":[0.1424014323],"iteration":26,"passed_time":51.47244117,"remaining_time":139.166,
{"l,
{"learn":[0.1413063639],"iteration":27,"passed_time":53.42145753,"remaining_time":137.369,
{"l,
{"learn":[0.1404191762],"iteration":28,"passed_time":55.30703,"remaining_time":135.406866,
,
{"learn":[0.1397350779],"iteration":29,"passed_time":57.15540249,"remaining_time":133.362605,
,
{"learn":[0.1390949544],"iteration":30,"passed_time":58.99219451,"remaining_time":131.30520,
{,
{"learn":[0.1382069275],"iteration":31,"passed_time":60.87315043,"remaining_time":129.35544,
{,
{"learn":[0.1377285645],"iteration":32,"passed_time":62.77070446,"remaining_time":127.44355,
{,
{"learn":[0.1371405192],"iteration":33,"passed_time":64.73015518,"remaining_time":125.65265,
{,
{"learn":[0.136032137],"iteration":34,"passed_time":66.6169916,"remaining_time":123.7172701,,
{"learn":[0.1350910807],"iteration":35,"passed_time":68.42262311,"remaining_time":121.6402189,,
{"learn":[0.1346696004],"iteration":36,"passed_time":70.15832963,"remaining_time":119.458777,
,
{"learn":[0.1343096578],"iteration":37,"passed_time":72.0889045,"remaining_time":117.618738,
,
{"learn":[0.133688741],"iteration":38,"passed_time":73.80311489,"remaining_time":115.4356412,,
{"learn":[0.1333542674],"iteration":39,"passed_time":75.60738824,"remaining_time":113.4110824,,
{"learn":[0.1326092723],"iteration":40,"passed_time":77.43930599,"remaining_time":111.4370501,,
{"learn":[0.1316264852],"iteration":41,"passed_time":79.36457297,"remaining_time":109.598696},
{"learn":[0.130752715],"iteration":42,"passed_time":81.24739863,"remaining_time":107.70004},
{"learn":[0.1300973857],"iteration":43,"passed_time":83.23478562,"remaining_time":105.9351817},
{"learn":[0.1293355774],"iteration":44,"passed_time":85.00912072,"remaining_time":103.9000364},
{"learn":[0.1285970327],"iteration":45,"passed_time":86.93373007,"remaining_time":102.0526396},
{"learn":[0.1283108836],"iteration":46,"passed_time":88.85969362,"remaining_time":100.2034843},
{"learn":[0.1279059733],"iteration":47,"passed_time":90.68067157,"remaining_time":98.2373942},
{"learn":[0.1271792826],"iteration":48,"passed_time":92.57660403,"remaining_time":96.35524093},
{"learn":[0.1266426381],"iteration":49,"passed_time":94.50812043,"remaining_time":94.50812043},
{"learn":[0.126452357],"iteration":50,"passed_time":96.35711418,"remaining_time":92.57840382},
{"learn":[0.1258413615],"iteration":51,"passed_time":98.38968722,"remaining_time":90.82124974},
{"learn":[0.1255868011],"iteration":52,"passed_time":100.1321363,"remaining_time":88.79642275},
{"learn":[0.1249537374],"iteration":53,"passed_time":102.1614221,"remaining_time":87.02639663},
{"learn":[0.1244989665],"iteration":54,"passed_time":104.1460555,"remaining_time":85.21040901,,
{"learn":[0.123960554],"iteration":55,"passed_time":106.1741146,"remaining_time":83.42251859},
{"learn":[0.1236440765],"iteration":56,"passed_time":108.1629436,"remaining_time":81.5966066},
{"learn":[0.1232552734],"iteration":57,"passed_time":110.1849958,"remaining_time":79.78913489},
{"learn":[0.1226809865],"iteration":58,"passed_time":112.133722,"remaining_time":77.92343391},
{"learn":[0.1220339305],"iteration":59,"passed_time":114.0064041,"remaining_time":76.0042694},
{"learn":[0.1217055796],"iteration":60,"passed_time":115.9829522,"remaining_time":74.15303499},
{"learn":[0.1215149078],"iteration":61,"passed_time":117.8948124,"remaining_time":72.25811085},
{"learn":[0.1210773641],"iteration":62,"passed_time":119.8133837,"remaining_time":70.36659044},
{"learn":[0.1205868703],"iteration":63,"passed_time":122.0297104,"remaining_time":68.64171207},
{"learn":[0.1198786621],"iteration":64,"passed_time":123.9358535,"remaining_time":66.73469037},
{"learn":[0.1192104533],"iteration":65,"passed_time":125.7756897,"remaining_time":64.79353713,,
{"learn":[0.1186163127],"iteration":66,"passed_time":127.5343065,"remaining_time":62.8154047,,
{"learn":[0.118152948],"iteration":67,"passed_time":129.3311948,"remaining_time":60.86173875,,
{"learn":[0.118033668],"iteration":68,"passed_time":131.3448917,"remaining_time":59.01002382},
{"learn":[0.117617632],"iteration":69,"passed_time":133.3947848,"remaining_time":57.1691935},
{"learn":[0.1175134501],"iteration":70,"passed_time":135.1940127,"remaining_time":55.2200897},
{"learn":[0.1170918294],"iteration":71,"passed_time":137.0273391,"remaining_time":53.28840967},
{"learn":[0.1167250854],"iteration":72,"passed_time":138.8232693,"remaining_time":51.34559274},
{"learn":[0.1159332601],"iteration":73,"passed_time":140.5289821,"remaining_time":49.37504778},
{"learn":[0.1154062307],"iteration":74,"passed_time":142.2970848,"remaining_time":47.43236159},
{"learn":[0.1149121623],"iteration":75,"passed_time":144.0336155,"remaining_time":45.48429964},
{"learn":[0.1146616903],"iteration":76,"passed_time":145.8813036,"remaining_time":43.57493484},
{"learn":[0.1144171051],"iteration":77,"passed_time":147.8195463,"remaining_time":41.69269254},
{"learn":[0.1140852966],"iteration":78,"passed_time":149.6411595,"remaining_time":39.77802975},
{"learn":[0.1138909353],"iteration":79,"passed_time":151.6118324,"remaining_time":37.9029581},
{"learn":[0.1138599141],"iteration":80,"passed_time":153.527682,"remaining_time":36.01266614},
{"learn":[0.1134282288],"iteration":81,